BI1,CA_BIS_101
BI2,CA_BIS_102
BR2,US_BRW_202
BZ1,US_BZC_102
BZ2,US_BZC_202
CS1,US_CHS_102
DH2,US_DHS_103
FB1,US_FBF_102
FB2,US_FBF_201
FB3,US_FBF_202
FB6,US_FBF_401
FB4,US_FBF_301
FB5,US_FBF_302
FX1,US_FOX_101
GL1,US_GLK_102
HP1,US_HRP_101
HP2,US_HRP_201
HVO,US_HVY_001
HV1,US_HVY_101
HV2,US_HVY_102
IM1,US_IMN_001
IM2,US_IMN_002
IS1,CA_ISA_101
IS2,CA_ISA_102
KC1,US_SWK_003
KZR,US_KZR_001
MB1,CA_MOB_101
MB2,CA_MOB_102
PHS,US_PHS_001
RMM,US_RMT_001
SG1,US_SAG_001
SG2,US_SAG_002
SL1,US_SML_101
SL2,US_SML_201
SL3,US_SML_301
SL4,US_SML_401
STS,US_SWK_002
UF1,US_UFF_102
WD1,US_WDK_102
WDN,US_WDK_103
HL1,US_HLY_002
Y1B,US_UAF_101
Y1A,US_UAF_102
GK2,US_GKN_102
