BIS,CA_BIS_100
BR2,US_BRW_202
BZ1,US_BZC_102
BZ2,US_BZC_202
CS1,US_CHS_102
DH1,US_DHS_102
DH2,US_DHS_103
FX1,US_FOX_101
FB1,US_FBF_102
FBD,US_FBF_200
FBN,US_FBF_401
FBW,US_FBF_300
GL1,US_GLK_102
HP1,US_HRP_101
HP2,US_HRP_201
HV1,US_HVY_100
IM1,US_IMN_000
ISA,CA_ISA_100
IV4,US_IVA_400
KC1,US_SWK_003
KZR,US_KZR_001
MOB,CA_MOB_100
PHS,US_PHS_001
RMM,US_RMT_001
SG1,US_SAG_001
SG2,US_SAG_002
STS,US_SWK_002
SV1,US_SWK_001
SL1,US_SML_101
SL2,US_SML_201
SL3,US_SML_301
SL4,US_SML_401
UF1,US_UFF_102
WD1,US_WDK_102
WDN,US_WDK_103
